State,District,Block,Village,N,P,K,Ph,Zn,S,Soilcolor
MADHYA PRADESH,SHAJAPUR,SHUJALPUR - 4006,Ajeejpur,0.1312,4,282,5.78,1.1,7.305,brown
MADHYA PRADESH,SHAJAPUR,SHUJALPUR - 4006,Ajnai,0.142621189,4.096824,279.7523,5.78,1.1,7.305,brown
MADHYA PRADESH,SHAJAPUR,SHUJALPUR - 4006,Akodi,0.149748478,4,282,5.78,2.06,14.1955,brown
MADHYA PRADESH,SHAJAPUR,SHUJALPUR - 4006,Amashya Khedi,0.147426267,6.613464,282,5.78,1.1,14.1955,brown
MADHYA PRADESH,SHAJAPUR,SHUJALPUR - 4006,Amlawati,0.1312,3.8536,282,5.78,1.1,7.305,brown
MADHYA PRADESH,SHAJAPUR,SHUJALPUR - 4006,Amlay,0.145108924,3.7142,282,5.78,2.06,7.305,brown
MADHYA PRADESH,SHAJAPUR,SHUJALPUR - 4006,Awantipur Badodia,0.13525535,4.130536,280.4803,5.78,1.1,7.305,brown
MADHYA PRADESH,SHAJAPUR,SHUJALPUR - 4006,Awantipura,0.179883668,4,282,5.78,1.1,7.305,brown
MADHYA PRADESH,SHAJAPUR,SHUJALPUR - 4006,Badodrana,0.134447201,4,282,5.78,1.1,7.305,brown
MADHYA PRADESH,SHAJAPUR,SHUJALPUR - 4006,Bagna Khedi,0.136068367,4,282,5.78,1.1,7.305,brown
MADHYA PRADESH,SHAJAPUR,SHUJALPUR - 4006,Banjari,0.136608756,3.5556,282,5.78,2.06,7.305,brown
MADHYA PRADESH,SHAJAPUR,SHUJALPUR - 4006,Banka Khedi,0.137840452,4,282,5.78,1.1,7.305,brown
MADHYA PRADESH,SHAJAPUR,SHUJALPUR - 4006,Barodrani,0.135970999,4,282,5.78,1.1,7.305,brown
MADHYA PRADESH,SHAJAPUR,SHUJALPUR - 4006,Batwadi,0.1312,4,282,5.585,1.1,7.305,brown
MADHYA PRADESH,SHAJAPUR,SHUJALPUR - 4006,Bhada Hedi,0.1312,4,191,5.78,1.1,7.305,brown
MADHYA PRADESH,SHAJAPUR,SHUJALPUR - 4006,Bheel Khedi,0.137285458,4.026688,287.1291,5.78,1.1,7.305,brown
MADHYA PRADESH,SHAJAPUR,SHUJALPUR - 4006,Bhilkheda,0.133230109,4,282,5.78,1.1,7.305,brown
MADHYA PRADESH,SHAJAPUR,SHUJALPUR - 4006,Bhugor,0.134763644,4.191296,282.7808,5.78,1.1,7.305,brown
MADHYA PRADESH,SHAJAPUR,SHUJALPUR - 4006,Bhyana Jadopur,0.133697472,4.100352,285.1488,5.78,1.1,7.305,brown
MADHYA PRADESH,SHAJAPUR,SHUJALPUR - 4006,Binaya,0.151004516,4,282,5.78,1.1,7.305,brown
MADHYA PRADESH,SHAJAPUR,SHUJALPUR - 4006,Chakrod,0.1312,4,282,5.78,1.1,7.305,brown
MADHYA PRADESH,SHAJAPUR,SHUJALPUR - 4006,Chapadiya,0.158248646,4,282,5.78,1.1,7.305,brown
MADHYA PRADESH,SHAJAPUR,SHUJALPUR - 4006,Chouki Nasirabad,0.1312,4,282,5.78,1.1,7.305,brown
MADHYA PRADESH,SHAJAPUR,SHUJALPUR - 4006,Chouki Niranjanpur,0.133906812,4,282,5.78,1.1,7.305,brown
MADHYA PRADESH,SHAJAPUR,SHUJALPUR - 4006,Chouki Shahpur,0.138322421,3.803048,277.5592,5.801,1.1,7.305,brown
MADHYA PRADESH,SHAJAPUR,SHUJALPUR - 4006,Dabri,0.155541834,4,282,5.78,1.1,7.305,brown
MADHYA PRADESH,SHAJAPUR,SHUJALPUR - 4006,Dehandi,0.1312,3.5,282,5.78,2.06,7.305,brown
MADHYA PRADESH,SHAJAPUR,SHUJALPUR - 4006,Deoli,0.1312,4.186592,277.6684,5.78,1.1,7.305,brown
MADHYA PRADESH,SHAJAPUR,SHUJALPUR - 4006,Dewan Khedi,0.1312,3.8182,282,5.78,1.1,7.305,brown
MADHYA PRADESH,SHAJAPUR,SHUJALPUR - 4006,Dhabla Husainpur,0.1312,4,282,5.78,2.06,7.305,brown
MADHYA PRADESH,SHAJAPUR,SHUJALPUR - 4006,Dholpur,0.1312,4,282,5.78,1.1,7.305,brown
MADHYA PRADESH,SHAJAPUR,SHUJALPUR - 4006,Dubadiya,0.133760761,4.050496,285.2349,5.78,1.1,7.305,brown
MADHYA PRADESH,SHAJAPUR,SHUJALPUR - 4006,Dugdha,0.165478171,3.9796,284.5092,5.78,1.1,7.305,brown
MADHYA PRADESH,SHAJAPUR,SHUJALPUR - 4006,Dunglay,0.179883668,4,282,5.78,1.1,7.305,brown
MADHYA PRADESH,SHAJAPUR,SHUJALPUR - 4006,Fatehpur Chakrod,0.136068367,4,282,5.78,1.1,7.305,brown
MADHYA PRADESH,SHAJAPUR,SHUJALPUR - 4006,Gerkhedi,0.133517343,4.186592,282,5.78,1.1,7.305,brown
MADHYA PRADESH,SHAJAPUR,SHUJALPUR - 4006,Giglakhedi,0.136608756,4.871024,261.7798,5.78,1.1,7.305,brown
MADHYA PRADESH,SHAJAPUR,SHUJALPUR - 4006,Gunjary,0.1312,4,282,5.78,1.1,7.305,brown
MADHYA PRADESH,SHAJAPUR,SHUJALPUR - 4006,Gurda Khedi,0.1312,4,282,5.78,2.06,7.305,brown
MADHYA PRADESH,SHAJAPUR,SHUJALPUR - 4006,Hadlay Kalan,0.132592353,3.998856,276.8039,5.78,1.1,7.305,brown
MADHYA PRADESH,SHAJAPUR,SHUJALPUR - 4006,Hannu Khedi,0.140936734,4.270648,282.4928,5.786468,1.1,7.305,brown
MADHYA PRADESH,SHAJAPUR,SHUJALPUR - 4006,Hirana,0.1312,4,282,5.78,2.06,14.1955,brown
MADHYA PRADESH,SHAJAPUR,SHUJALPUR - 4006,Ilahi,0.13966609,3.913,282,5.78,1.1,7.305,brown
MADHYA PRADESH,SHAJAPUR,SHUJALPUR - 4006,Jamner,0.157586548,3.940864,281.6178,5.78,1.1,7.305,brown
MADHYA PRADESH,SHAJAPUR,SHUJALPUR - 4006,Jethada,0.157279841,3.997144,282,5.78,1.1,7.305,brown
MADHYA PRADESH,SHAJAPUR,SHUJALPUR - 4006,Jhadla,0.139315567,4,282,5.78,1.1,7.305,brown
MADHYA PRADESH,SHAJAPUR,SHUJALPUR - 4006,Kadwala,0.138322421,4.046848,280.5604,5.790248,1.1,7.305,brown
MADHYA PRADESH,SHAJAPUR,SHUJALPUR - 4006,Kamalya,0.137285458,4.49,270.625,5.78,2.06,7.305,brown
MADHYA PRADESH,SHAJAPUR,SHUJALPUR - 4006,Khadi,0.137450983,4.125464,278.6603,5.78,1.1,7.305,brown
MADHYA PRADESH,SHAJAPUR,SHUJALPUR - 4006,Khalilpur,0.140936734,4.784,263.8,5.78,2.06,14.1955,brown
MADHYA PRADESH,SHAJAPUR,SHUJALPUR - 4006,Khanda Khedi,0.1312,4,282,5.78,1.1,14.1955,brown
MADHYA PRADESH,SHAJAPUR,SHUJALPUR - 4006,Kharkhar,0.179883668,4,282,5.758316,1.1,7.305,brown
MADHYA PRADESH,SHAJAPUR,SHUJALPUR - 4006,Khatsur,0.143370917,4,282,5.78,2.06,7.305,brown
MADHYA PRADESH,SHAJAPUR,SHUJALPUR - 4006,Kheda Bolda,0.171417578,4,282,5.78,1.1,7.305,brown
MADHYA PRADESH,SHAJAPUR,SHUJALPUR - 4006,Khedi Nagar,0.1312,3.7894,282,5.802092,2.06,7.305,brown
MADHYA PRADESH,SHAJAPUR,SHUJALPUR - 4006,Kishoni,0.1312,3.75,282,5.78,1.1,7.305,brown
MADHYA PRADESH,SHAJAPUR,SHUJALPUR - 4006,Kohliya,0.136263101,4.022736,281.1391,5.78,1.1,7.305,brown
MADHYA PRADESH,SHAJAPUR,SHUJALPUR - 4006,Lahar Kheda,0.13331774,3.826,282,5.78,1.1,7.305,brown
MADHYA PRADESH,SHAJAPUR,SHUJALPUR - 4006,Lahauri (Gangala Khedi),0.133906812,4,282,5.78,1.1,7.305,brown
MADHYA PRADESH,SHAJAPUR,SHUJALPUR - 4006,Lalpura,0.1312,4,282,5.78,1.1,7.305,brown
MADHYA PRADESH,SHAJAPUR,SHUJALPUR - 4006,Lasudlia Haijam,0.1312,4,282,5.873324,2.06,7.305,brown
MADHYA PRADESH,SHAJAPUR,SHUJALPUR - 4006,Lasudliya Gouri,0.1340626,4,282,5.78,1.1,7.305,brown
MADHYA PRADESH,SHAJAPUR,SHUJALPUR - 4006,Magraniya,0.179883668,4,282,5.78,1.1,7.305,brown
MADHYA PRADESH,SHAJAPUR,SHUJALPUR - 4006,Mahuwa Khedi,0.141865107,4.123096,282,5.78,1.1,7.305,brown
MADHYA PRADESH,SHAJAPUR,SHUJALPUR - 4006,Mandalkha,0.136379942,3.9148,280.0617,5.78,1.1,7.305,brown
MADHYA PRADESH,SHAJAPUR,SHUJALPUR - 4006,Mangrola,0.147426267,4,282,5.78,2.06,7.305,brown
MADHYA PRADESH,SHAJAPUR,SHUJALPUR - 4006,Mehar Khedi,0.134194046,4,282,5.78,1.1,7.305,brown
MADHYA PRADESH,SHAJAPUR,SHUJALPUR - 4006,Mitera,0.1312,4,282,5.78,1.1,7.305,brown
MADHYA PRADESH,SHAJAPUR,SHUJALPUR - 4006,Mohammad Kheda,0.137285458,4,282,5.78,2.06,14.1955,brown
MADHYA PRADESH,SHAJAPUR,SHUJALPUR - 4006,Mohammadpur,0.132821166,4.653464,266.8303,5.78,1.1,7.305,brown
MADHYA PRADESH,SHAJAPUR,SHUJALPUR - 4006,Mortakewadi,0.135411137,3.922232,282,5.78,1.1,7.305,brown
MADHYA PRADESH,SHAJAPUR,SHUJALPUR - 4006,Mugod,0.132553406,4,282,5.78,1.1,7.305,brown
MADHYA PRADESH,SHAJAPUR,SHUJALPUR - 4006,Nanya Khedi,0.1312,4,282,5.78,2.06,7.305,brown
MADHYA PRADESH,SHAJAPUR,SHUJALPUR - 4006,Narola Hirapur,0.136730465,4.088984,282,5.781277,1.1,7.305,brown
MADHYA PRADESH,SHAJAPUR,SHUJALPUR - 4006,Neemkhedi (Malkasha Khedi),0.1312,4,282,5.78,1.1,7.305,brown
MADHYA PRADESH,SHAJAPUR,SHUJALPUR - 4006,Newaj Khedi,0.1312,4,282,5.78,1.1,7.305,brown
MADHYA PRADESH,SHAJAPUR,SHUJALPUR - 4006,Nipanya Hisamuddin,0.144588009,3.9,282,5.78,2.06,7.305,brown
MADHYA PRADESH,SHAJAPUR,SHUJALPUR - 4006,Nishana,0.13331774,4,282,5.78,1.1,7.305,brown
MADHYA PRADESH,SHAJAPUR,SHUJALPUR - 4006,Niwalya,0.1312,4,282,5.78,1.1,7.305,brown
MADHYA PRADESH,SHAJAPUR,SHUJALPUR - 4006,Pachawata,0.165278568,4,282,5.78,1.1,7.305,brown
MADHYA PRADESH,SHAJAPUR,SHUJALPUR - 4006,Pagrawad Kalan,0.136491915,3.913,282,5.771537,1.1,7.305,brown
MADHYA PRADESH,SHAJAPUR,SHUJALPUR - 4006,Pagrawad Khurd,0.138361368,4,282,5.78,1.1,7.305,brown
MADHYA PRADESH,SHAJAPUR,SHUJALPUR - 4006,Panwadiya,0.133517343,4.186592,277.6684,5.78,1.1,7.305,brown
MADHYA PRADESH,SHAJAPUR,SHUJALPUR - 4006,Patlawada,0.1312,4,282,5.78,2.06,7.305,brown
MADHYA PRADESH,SHAJAPUR,SHUJALPUR - 4006,Penwchi,0.1312,4,282,5.78,1.1,7.305,brown
MADHYA PRADESH,SHAJAPUR,SHUJALPUR - 4006,Piplod,0.163657401,4,282,5.78,1.1,7.305,brown
MADHYA PRADESH,SHAJAPUR,SHUJALPUR - 4006,Raipur,0.162153076,4.048216,280.3165,5.78,1.1,7.305,brown
MADHYA PRADESH,SHAJAPUR,SHUJALPUR - 4006,Ranoganj,0.1312,4,282,5.78,2.06,14.1955,brown
MADHYA PRADESH,SHAJAPUR,SHUJALPUR - 4006,Rasalpur,0.1312,4,282,5.78,1.1,7.305,brown
MADHYA PRADESH,SHAJAPUR,SHUJALPUR - 4006,Richhoda,0.1312,4.261464,275.9303,5.892014,2.06,7.305,brown
MADHYA PRADESH,SHAJAPUR,SHUJALPUR - 4006,Rupahedi,0.1312,4,282,5.78,1.1,7.305,brown
MADHYA PRADESH,SHAJAPUR,SHUJALPUR - 4006,Rustampur,0.163657401,4,282,5.78,1.1,7.305,brown
MADHYA PRADESH,SHAJAPUR,SHUJALPUR - 4006,Saliya,0.1312,4,282,5.78,1.1,7.305,brown
MADHYA PRADESH,SHAJAPUR,SHUJALPUR - 4006,Shujalpur,0.1312,4,282,5.78,2.06,14.1955,brown
MADHYA PRADESH,SHAJAPUR,SHUJALPUR - 4006,Siloda,0.142017511,3.5556,271.8899,5.78,2.06,7.305,brown
MADHYA PRADESH,SHAJAPUR,SHUJALPUR - 4006,Singarpur,0.1312,4,282,5.78,1.1,7.305,brown
MADHYA PRADESH,SHAJAPUR,SHUJALPUR - 4006,Tajpur Gauri,0.13632639,4,282,5.78,1.1,7.305,brown
MADHYA PRADESH,SHAJAPUR,SHUJALPUR - 4006,Tajpur Ukala,0.1312,3.8666,282,5.78,2.06,7.305,brown
MADHYA PRADESH,SHAJAPUR,SHUJALPUR - 4006,Tanda Khurd,0.1312,4,282,5.78,1.1,7.305,brown
MADHYA PRADESH,SHAJAPUR,SHUJALPUR - 4006,Tapka Basantpur,0.135625345,4,277.8595,5.78,1.1,7.305,brown
MADHYA PRADESH,SHAJAPUR,SHUJALPUR - 4006,Titwas,0.131730652,4,283.3407,5.78,1.1,7.305,brown
MADHYA PRADESH,SHAJAPUR,SHUJALPUR - 4006,Tungni,0.132417092,4.098,282,5.78,1.1,7.305,brown
MADHYA PRADESH,SHAJAPUR,SHUJALPUR - 4006,Ugah,0.1312,4,282,5.78,1.1,7.305,brown
MADHYA PRADESH,SHAJAPUR,SHUJALPUR - 4006,Ugli,0.139315567,3.8666,278.9697,5.78,1.1,7.305,brown
MADHYA PRADESH,SHAJAPUR,SHUJALPUR - 4006,Umarsingi,0.133760761,4,282,5.78,1.1,7.305,brown
MADHYA PRADESH,SHAJAPUR,SHUJALPUR - 4006,Unchod,0.1312,4.163464,282,5.78,1.1,7.305,brown
MADHYA PRADESH,SHAJAPUR,SHUJALPUR - 4006,Undai,0.1312,3.5,282,5.78,2.06,7.305,brown
MADHYA PRADESH,SHAJAPUR,KALAPIPAL - 4002,Adam Kheda,0.136194944,5.608376,279.0015,5.78,1.1,14.1955,brown
MADHYA PRADESH,SHAJAPUR,KALAPIPAL - 4002,Akalpur Binni,0.1312,5.363768,279.9518,5.772356,2.06,14.1955,brown
MADHYA PRADESH,SHAJAPUR,KALAPIPAL - 4002,Alanya,0.1312,4,282,5.78,1.1,7.305,brown
MADHYA PRADESH,SHAJAPUR,KALAPIPAL - 4002,Anandi Khedi,0.1312,4,282,5.78,1.1,7.305,brown
MADHYA PRADESH,SHAJAPUR,KALAPIPAL - 4002,Arandiya,0.1312,4.542664,276.9404,5.78,1.1,14.1955,brown
MADHYA PRADESH,SHAJAPUR,KALAPIPAL - 4002,Aranya Khurd,0.1312,5.680112,271.8899,5.78,1.1,14.1955,brown
MADHYA PRADESH,SHAJAPUR,KALAPIPAL - 4002,Badbeli,0.133979837,4.784,263.8,5.78,2.06,14.1955,brown
MADHYA PRADESH,SHAJAPUR,KALAPIPAL - 4002,Bakayan,0.1312,5.96,282,5.78,1.1,14.1955,brown
MADHYA PRADESH,SHAJAPUR,KALAPIPAL - 4002,Bamuliya Maina,0.1312,5.668488,256.0013,5.78,1.1,14.1955,brown
MADHYA PRADESH,SHAJAPUR,KALAPIPAL - 4002,Bamuliya Muchhali,0.1312,5.8816,298.04,5.78,1.1,14.1955,brown
MADHYA PRADESH,SHAJAPUR,KALAPIPAL - 4002,Bansla,0.1312,4,282,5.78,2.06,14.1955,brown
MADHYA PRADESH,SHAJAPUR,KALAPIPAL - 4002,Bapcha,0.1312,5.80124,268.9801,5.78,2.06,14.1955,brown
MADHYA PRADESH,SHAJAPUR,KALAPIPAL - 4002,Bawadi Kheda,0.1312,6.239888,299.5767,5.78,2.06,14.1955,brown
MADHYA PRADESH,SHAJAPUR,KALAPIPAL - 4002,Bawadiya Maina,0.1312,4,282,5.78,1.1,7.305,brown
MADHYA PRADESH,SHAJAPUR,KALAPIPAL - 4002,Behrawal,0.131842624,5.392776,260.5422,5.78,2.06,14.1955,brown
MADHYA PRADESH,SHAJAPUR,KALAPIPAL - 4002,Bhanya Khedi,0.1312,5.83632,269.0843,5.774267,2.06,14.1955,brown
MADHYA PRADESH,SHAJAPUR,KALAPIPAL - 4002,Bhardi,0.131701442,5.656984,261.3612,5.78,2.06,14.1955,brown
MADHYA PRADESH,SHAJAPUR,KALAPIPAL - 4002,Bhesaya Nagan,0.1312,5.7248,275.6026,5.78,1.1,14.1955,brown
MADHYA PRADESH,SHAJAPUR,KALAPIPAL - 4002,Bhuriya Khajuriya,0.1312,3.873096,273.4924,5.78,1.1,7.305,brown
MADHYA PRADESH,SHAJAPUR,KALAPIPAL - 4002,Bishan Kheda,0.134447201,6.352,282,5.78,1.1,14.1955,brown
MADHYA PRADESH,SHAJAPUR,KALAPIPAL - 4002,Bishan Khedi,0.1312,6.216496,279.0152,5.78,2.06,14.1955,brown
MADHYA PRADESH,SHAJAPUR,KALAPIPAL - 4002,Bolda,0.1312,6.11876,274.6199,5.78,2.06,14.1955,brown
MADHYA PRADESH,SHAJAPUR,KALAPIPAL - 4002,Char Khedi,0.1312,4.88,280.65,5.78,2.06,14.1955,brown
MADHYA PRADESH,SHAJAPUR,KALAPIPAL - 4002,Chauki Rahimabad,0.1312,7.92,282,5.78,1.1,7.305,brown
MADHYA PRADESH,SHAJAPUR,KALAPIPAL - 4002,Chayani,0.1312,6.118072,275.1317,5.78,2.06,14.1955,brown
MADHYA PRADESH,SHAJAPUR,KALAPIPAL - 4002,Chhapri,0.1312,5.568,263.8,5.78,1.1,14.1955,brown
MADHYA PRADESH,SHAJAPUR,KALAPIPAL - 4002,Dadiya Khedi,0.1312,3.909,277.8595,5.78,1.1,7.305,brown
MADHYA PRADESH,SHAJAPUR,KALAPIPAL - 4002,Dhabla Dheer,0.131832888,5.628512,266.2882,5.78,2.06,14.1955,brown
MADHYA PRADESH,SHAJAPUR,KALAPIPAL - 4002,Dhabla Dhonsi,0.136136524,6.214424,277.2676,5.78,2.06,14.1955,brown
MADHYA PRADESH,SHAJAPUR,KALAPIPAL - 4002,Dodi,0.1312,5.19368,253.9993,5.78,2.06,14.1955,brown
MADHYA PRADESH,SHAJAPUR,KALAPIPAL - 4002,Dorabad,0.1312,4,282,5.78,2.06,14.1955,brown
MADHYA PRADESH,SHAJAPUR,KALAPIPAL - 4002,Dubadi,0.1312,3.5556,282,5.78,1.1,7.305,brown
MADHYA PRADESH,SHAJAPUR,KALAPIPAL - 4002,Farad,0.1312,4,282,5.78,1.1,7.305,brown
MADHYA PRADESH,SHAJAPUR,KALAPIPAL - 4002,Gadra Khedi,0.1312,6.368464,310.1916,5.78,2.06,14.1955,brown
MADHYA PRADESH,SHAJAPUR,KALAPIPAL - 4002,Galbi,0.1312,6.166192,274.8201,5.78,1.1,14.1955,brown
MADHYA PRADESH,SHAJAPUR,KALAPIPAL - 4002,Ganeshpur,0.132173673,5.0976,269.26,5.78,2.06,14.1955,brown
MADHYA PRADESH,SHAJAPUR,KALAPIPAL - 4002,Ghat Khedi,0.1312,4.97,274.625,5.78,2.06,14.1955,brown
MADHYA PRADESH,SHAJAPUR,KALAPIPAL - 4002,Ghatti Mukhtyarpur,0.13221262,5.715,274.4197,5.78,1.1,14.1955,brown
MADHYA PRADESH,SHAJAPUR,KALAPIPAL - 4002,Gunpipli,0.1312,4.98,251.6697,5.78,2.06,14.1955,brown
MADHYA PRADESH,SHAJAPUR,KALAPIPAL - 4002,Hanumant Kheda,0.1312,4,282,5.78,2.06,7.305,brown
MADHYA PRADESH,SHAJAPUR,KALAPIPAL - 4002,Harraj Kheda,0.1312,6.099944,278.7513,5.78,1.1,14.1955,brown
MADHYA PRADESH,SHAJAPUR,KALAPIPAL - 4002,Harru Khedi,0.1312,4,221.3303,5.78,2.06,14.1955,brown
MADHYA PRADESH,SHAJAPUR,KALAPIPAL - 4002,Imli Kheda,0.1312,5.742048,266.3026,5.78,1.1,14.1955,brown
MADHYA PRADESH,SHAJAPUR,KALAPIPAL - 4002,Jabadi,0.1312,4,282,5.78,2.06,14.1955,brown
MADHYA PRADESH,SHAJAPUR,KALAPIPAL - 4002,Jabadiya Bheel,0.1312,4,282,5.78,2.06,7.305,brown
MADHYA PRADESH,SHAJAPUR,KALAPIPAL - 4002,Jangi Khedi,0.1312,4,282,5.78,1.1,7.305,brown
MADHYA PRADESH,SHAJAPUR,KALAPIPAL - 4002,Jawadiya Dharwas,0.1312,7.92,191,5.78,2.06,14.1955,brown
MADHYA PRADESH,SHAJAPUR,KALAPIPAL - 4002,Kadi Khedi,0.1312,4,236.5,5.78,2.06,14.1955,brown
MADHYA PRADESH,SHAJAPUR,KALAPIPAL - 4002,Kalapipal Gram,0.1312,4.762648,264.9375,5.78,2.06,14.1955,brown
MADHYA PRADESH,SHAJAPUR,KALAPIPAL - 4002,Kamalpur,0.1312,5.7248,272.9,5.78,2.06,14.1955,brown
MADHYA PRADESH,SHAJAPUR,KALAPIPAL - 4002,Kanadiya,0.1312,4.936128,279.4617,5.78,2.06,7.305,brown
MADHYA PRADESH,SHAJAPUR,KALAPIPAL - 4002,Kankad Kheda,0.1312,4,282,5.78,1.1,7.305,brown
MADHYA PRADESH,SHAJAPUR,KALAPIPAL - 4002,Kankariya Khokra,0.1312,4.973136,272.1738,5.78,2.06,14.1955,brown
MADHYA PRADESH,SHAJAPUR,KALAPIPAL - 4002,Kannadpur Marethi,0.1312,5.30312,261.8561,5.78,2.06,14.1955,brown
MADHYA PRADESH,SHAJAPUR,KALAPIPAL - 4002,Khajuri Alahdad,0.1312,4.98,282,5.78,1.1,7.305,brown
MADHYA PRADESH,SHAJAPUR,KALAPIPAL - 4002,Khamlay,0.1312,5.237936,272.4177,5.78,1.1,14.1955,brown
MADHYA PRADESH,SHAJAPUR,KALAPIPAL - 4002,Khardon Kalan,0.1312,5.122984,274.2286,5.78,2.06,14.1955,brown
MADHYA PRADESH,SHAJAPUR,KALAPIPAL - 4002,Khejadiya,0.1312,6.695,276.3125,5.78,1.1,14.1955,brown
MADHYA PRADESH,SHAJAPUR,KALAPIPAL - 4002,Khokara Kalan,0.1312,7.92,191,5.78,2.06,14.1955,brown
MADHYA PRADESH,SHAJAPUR,KALAPIPAL - 4002,Kolwa,0.1312,5.96,253.5625,5.78,2.06,14.1955,brown
MADHYA PRADESH,SHAJAPUR,KALAPIPAL - 4002,Kothadi,0.1312,7.92,282,5.78,1.1,14.1955,brown
MADHYA PRADESH,SHAJAPUR,KALAPIPAL - 4002,Kuthali,0.1312,5.88064,261.5653,5.77493,2.06,14.1955,brown
MADHYA PRADESH,SHAJAPUR,KALAPIPAL - 4002,Lalakhedi,0.1312,4,282,5.78,1.1,7.305,brown
MADHYA PRADESH,SHAJAPUR,KALAPIPAL - 4002,Lasudalya Malak,0.1312,4.724504,273.5734,5.78,2.06,14.1955,brown
MADHYA PRADESH,SHAJAPUR,KALAPIPAL - 4002,Lasudalya Patla,0.1312,4.978408,255.5463,5.78,2.06,14.1955,brown
MADHYA PRADESH,SHAJAPUR,KALAPIPAL - 4002,Mandla Khedi,0.1312,3.876376,286.6965,5.78,1.1,7.305,brown
MADHYA PRADESH,SHAJAPUR,KALAPIPAL - 4002,Mansaya,0.1312,5.287328,276.5673,5.774189,1.1,14.1955,brown
MADHYA PRADESH,SHAJAPUR,KALAPIPAL - 4002,Mohammadpur (Machhnai),0.1312,4.613096,273.4924,5.78,1.1,14.1955,brown
MADHYA PRADESH,SHAJAPUR,KALAPIPAL - 4002,Mundla Maina,0.1312,5.47,270.625,5.78,1.1,14.1955,brown
MADHYA PRADESH,SHAJAPUR,KALAPIPAL - 4002,Nandni,0.1312,4,278.36,5.78,1.1,7.305,brown
MADHYA PRADESH,SHAJAPUR,KALAPIPAL - 4002,Nipanya Khanjar,0.132280777,6.003512,259.7596,5.78,1.1,14.1955,brown
MADHYA PRADESH,SHAJAPUR,KALAPIPAL - 4002,Nipanya Khurd,0.1312,6.613464,275.9303,5.78,1.1,14.1955,brown
MADHYA PRADESH,SHAJAPUR,KALAPIPAL - 4002,Panch Dehariya,0.131711179,5.835904,276.2488,5.78,1.1,14.1955,brown
MADHYA PRADESH,SHAJAPUR,KALAPIPAL - 4002,Pankhedi (CT),0.135912579,4.30652,261.4522,5.78,2.06,14.1955,brown
MADHYA PRADESH,SHAJAPUR,KALAPIPAL - 4002,Parda Khedi,0.1312,5.568,263.8,5.78,2.06,14.1955,brown
MADHYA PRADESH,SHAJAPUR,KALAPIPAL - 4002,Pasisar,0.1312,5.831816,269.5923,5.78,2.06,14.1955,brown
MADHYA PRADESH,SHAJAPUR,KALAPIPAL - 4002,Pipliya Nagar,0.1312,3.909,282,5.78,1.1,7.305,brown
MADHYA PRADESH,SHAJAPUR,KALAPIPAL - 4002,Pochaner,0.1312,6.2736,278.36,5.78,1.1,14.1955,brown
MADHYA PRADESH,SHAJAPUR,KALAPIPAL - 4002,Raghokhedi,0.132100648,4.791096,260.0963,5.772785,2.06,14.1955,brown
MADHYA PRADESH,SHAJAPUR,KALAPIPAL - 4002,Ramdi,0.1312,4.69188,268.6139,5.78,1.1,14.1955,brown
MADHYA PRADESH,SHAJAPUR,KALAPIPAL - 4002,Rampura,0.1312,6.69,263.25,5.78,1.1,14.1955,brown
MADHYA PRADESH,SHAJAPUR,KALAPIPAL - 4002,Ranayal,0.1312,4.678608,268.1498,5.78,1.1,14.1955,brown
MADHYA PRADESH,SHAJAPUR,KALAPIPAL - 4002,Rola Khedi,0.13197407,5.709176,283.5232,5.78,2.06,14.1955,brown
MADHYA PRADESH,SHAJAPUR,KALAPIPAL - 4002,Ronsi,0.1312,5.055264,271.4986,5.78,2.06,14.1955,brown
MADHYA PRADESH,SHAJAPUR,KALAPIPAL - 4002,Rosala,0.1312,6.568384,280.4348,5.78,2.06,14.1955,brown
MADHYA PRADESH,SHAJAPUR,KALAPIPAL - 4002,Sadan Khedi,0.1312,5.357104,278.4965,5.78,1.1,14.1955,brown
MADHYA PRADESH,SHAJAPUR,KALAPIPAL - 4002,Salkan Khedi,0.1312,5.258936,256.0013,5.78,2.06,14.1955,brown
MADHYA PRADESH,SHAJAPUR,KALAPIPAL - 4002,Semali Kheda,0.1312,6.45,278.3125,5.78,2.06,14.1955,brown
MADHYA PRADESH,SHAJAPUR,KALAPIPAL - 4002,Shekhpur Bongi,0.1312,5.47,270.625,5.78,1.1,14.1955,brown
MADHYA PRADESH,SHAJAPUR,KALAPIPAL - 4002,Sherpura,0.1312,5.269136,276.9404,5.772785,2.06,14.1955,brown
MADHYA PRADESH,SHAJAPUR,KALAPIPAL - 4002,Shyampur Nanukhedi,0.1312,4.79056,275.0931,5.78,2.06,14.1955,brown
MADHYA PRADESH,SHAJAPUR,KALAPIPAL - 4002,Sukaliya,0.1312,5.359896,270.1336,5.78,2.06,14.1955,brown
MADHYA PRADESH,SHAJAPUR,KALAPIPAL - 4002,Tigariya,0.1312,4.834144,282,5.78,1.1,7.305,brown
MADHYA PRADESH,SHAJAPUR,KALAPIPAL - 4002,Tilya Khedi,0.1312,5.96,280.7715,5.78,1.1,14.1955,brown
MADHYA PRADESH,BHOPAL,PHANDA - 3778,Acharpura,0.146077729,4.864952,353.7459,5.78,2.06,14.1955,black
MADHYA PRADESH,BHOPAL,PHANDA - 3778,Agariya,0.150673467,5.568,405,5.78,1.1,14.1955,black
MADHYA PRADESH,BHOPAL,PHANDA - 3778,Amarpura,0.15206582,3.988768,352.2822,5.78,2.06,14.1955,black
MADHYA PRADESH,BHOPAL,PHANDA - 3778,Amjhira,0.1458051,4.576,389.6697,5.78,2.06,14.1955,black
MADHYA PRADESH,BHOPAL,PHANDA - 3778,Amoni,0.148901382,4.879512,405,5.78,2.06,14.1955,black
MADHYA PRADESH,BHOPAL,PHANDA - 3778,Amrabad Kalan,0.1312,4,307.1535,5.78,2.06,14.1955,black
MADHYA PRADESH,BHOPAL,PHANDA - 3778,Anwala,0.149359008,4.501976,375.7137,5.78,2.06,14.1955,black
MADHYA PRADESH,BHOPAL,PHANDA - 3778,Arhedi,0.148584938,4.685232,378.6411,5.78,2.06,14.1955,black
MADHYA PRADESH,BHOPAL,PHANDA - 3778,Arwaliya,0.1312,4,282,5.78,2.06,14.1955,black
MADHYA PRADESH,BHOPAL,PHANDA - 3778,Babadiya Khurd,0.143370917,4.48,374.25,5.78,2.06,14.1955,black
MADHYA PRADESH,BHOPAL,PHANDA - 3778,Badjhiri,0.149281114,4.210712,376.8822,5.78,2.06,14.1955,black
MADHYA PRADESH,BHOPAL,PHANDA - 3778,Bagarauda,0.149456376,4.48,375.6126,5.78,2.06,14.1955,black
MADHYA PRADESH,BHOPAL,PHANDA - 3778,Bagli,0.1312,7.92,405,5.78,2.06,14.1955,black
MADHYA PRADESH,BHOPAL,PHANDA - 3778,Bagoniya,0.139792667,4,290.4586,5.78,2.06,14.1955,black
MADHYA PRADESH,BHOPAL,PHANDA - 3778,Bakaniya,0.152835022,4,282,5.78,2.06,14.1955,black
MADHYA PRADESH,BHOPAL,PHANDA - 3778,Balampur,0.149816635,4.910808,383.2905,5.78,2.06,14.1955,black
MADHYA PRADESH,BHOPAL,PHANDA - 3778,Bankhedi,0.1312,4,405,5.78,2.06,14.1955,black
MADHYA PRADESH,BHOPAL,PHANDA - 3778,Bansiya,0.155541834,4,405,5.78,2.06,14.1955,black
MADHYA PRADESH,BHOPAL,PHANDA - 3778,Barkheda Nathu,0.150673467,4.384,405,5.78,2.06,14.1955,black
MADHYA PRADESH,BHOPAL,PHANDA - 3778,Barkhedi Abdulla,0.151058068,4.841888,383.9547,5.78,2.06,14.1955,black
MADHYA PRADESH,BHOPAL,PHANDA - 3778,Barkhedi Hajjam,0.147142198,4.212736,363.0441,5.78,2.06,14.1955,black
MADHYA PRADESH,BHOPAL,PHANDA - 3778,Barkhedi Khurd,0.1312,4,282,5.78,1.1,7.305,black
MADHYA PRADESH,BHOPAL,PHANDA - 3778,Beenapur,0.1312,4,295.6653,5.78,2.06,14.1955,black
MADHYA PRADESH,BHOPAL,PHANDA - 3778,Bhairopur,0.142017511,3.5556,322.9959,5.78,1.1,14.1955,black
MADHYA PRADESH,BHOPAL,PHANDA - 3778,Bhanpur,0.153024888,5.004056,379.5513,5.78,2.06,14.1955,black
MADHYA PRADESH,BHOPAL,PHANDA - 3778,Bherupura,0.142017511,5.084336,350.3388,5.78,1.1,14.1955,black
MADHYA PRADESH,BHOPAL,PHANDA - 3778,Bhoj Nagar,0.1312,4,322.9959,5.78,2.06,14.1955,black
MADHYA PRADESH,BHOPAL,PHANDA - 3778,Bilkhiriya Khurd,0.146574302,4.610744,369.3915,5.78,2.06,14.1955,black
MADHYA PRADESH,BHOPAL,PHANDA - 3778,Chanched,0.1312,2,405,5.78,1.1,14.1955,black
MADHYA PRADESH,BHOPAL,PHANDA - 3778,Chanderi,0.15114083,4.579464,376.8453,5.78,2.06,14.1955,black
MADHYA PRADESH,BHOPAL,PHANDA - 3778,Chandpur,0.153803827,3.9286,308.3589,5.78,2.06,14.1955,black
MADHYA PRADESH,BHOPAL,PHANDA - 3778,Chandukhedi,0.140936734,4,306.6,5.78,2.06,14.1955,black
MADHYA PRADESH,BHOPAL,PHANDA - 3778,Chapar,0.155541834,4.639536,377.6694,5.78,1.1,14.1955,black
MADHYA PRADESH,BHOPAL,PHANDA - 3778,Chhawani,0.140328188,4.225,381.9375,5.78,2.06,14.1955,black
MADHYA PRADESH,BHOPAL,PHANDA - 3778,Chhawani Adampur,0.149193484,4.627256,386.2794,5.78,2.06,14.1955,black
MADHYA PRADESH,BHOPAL,PHANDA - 3778,Chor Sagoni,0.147426267,5.01772,387.4233,5.78,2.06,14.1955,black
MADHYA PRADESH,BHOPAL,PHANDA - 3778,Dangroli,0.1312,2,282,5.78,1.1,14.1955,black
MADHYA PRADESH,BHOPAL,PHANDA - 3778,Deepdi,0.145108924,4,299.5767,5.78,2.06,14.1955,black
MADHYA PRADESH,BHOPAL,PHANDA - 3778,Dehri,0.142436191,4.436984,381.3471,5.78,2.06,14.1955,black
MADHYA PRADESH,BHOPAL,PHANDA - 3778,Dehriya Kalan,0.149096116,4.942168,386.9067,5.78,2.06,14.1955,black
MADHYA PRADESH,BHOPAL,PHANDA - 3778,Deopur,0.149135063,4.08836,346.7349,5.78,2.06,14.1955,black
MADHYA PRADESH,BHOPAL,PHANDA - 3778,Deval Khedi,0.1312,4,322.9959,5.78,1.1,14.1955,black
MADHYA PRADESH,BHOPAL,PHANDA - 3778,Doalatpurr,0.149193484,4,303.3897,5.78,2.06,14.1955,black
MADHYA PRADESH,BHOPAL,PHANDA - 3778,Dob,0.140050691,4.167256,371.4579,5.78,2.06,14.1955,black
MADHYA PRADESH,BHOPAL,PHANDA - 3778,Dobra,0.1312,4,343.5,5.78,2.06,14.1955,black
MADHYA PRADESH,BHOPAL,PHANDA - 3778,Dobra Jagir,0.147426267,4.639536,322.9959,5.78,2.06,14.1955,black
MADHYA PRADESH,BHOPAL,PHANDA - 3778,Dupadiya,0.144013541,4.197968,372.6264,5.78,1.1,14.1955,black
MADHYA PRADESH,BHOPAL,PHANDA - 3778,Ganyari,0.154383163,4.735136,369.8589,5.78,2.06,14.1955,black
MADHYA PRADESH,BHOPAL,PHANDA - 3778,Garhmurra,0.155541834,5.96,405,5.78,2.06,14.1955,black
MADHYA PRADESH,BHOPAL,PHANDA - 3778,Ghat Khedi,0.147426267,5.306536,364.0041,5.78,2.06,14.1955,black
MADHYA PRADESH,BHOPAL,PHANDA - 3778,Gol,0.13480746,4,300.2163,5.78,2.06,14.1955,black
MADHYA PRADESH,BHOPAL,PHANDA - 3778,Gol Khedi,0.1312,4,282,5.78,2.06,14.1955,black
MADHYA PRADESH,BHOPAL,PHANDA - 3778,Gondarmau,0.1312,3.7142,282,5.78,2.06,14.1955,black
MADHYA PRADESH,BHOPAL,PHANDA - 3778,Gudari Ghat,0.1312,4,310.6959,5.78,2.06,14.1955,black
MADHYA PRADESH,BHOPAL,PHANDA - 3778,Guradiya,0.151247935,4.22128,390.5352,5.78,2.06,14.1955,black
MADHYA PRADESH,BHOPAL,PHANDA - 3778,Haripura,0.136608756,4.195336,405,5.78,2.06,14.1955,black
MADHYA PRADESH,BHOPAL,PHANDA - 3778,Hatai Khedi,0.152499105,4.975,366.5625,5.78,2.06,14.1955,black
MADHYA PRADESH,BHOPAL,PHANDA - 3778,Hinotiya Jagir,0.144013541,4.400544,385.5783,5.78,2.06,14.1955,black
MADHYA PRADESH,BHOPAL,PHANDA - 3778,Imliya,0.152499105,4.97,405,5.78,2.06,14.1955,black
MADHYA PRADESH,BHOPAL,PHANDA - 3778,Imliya Jargar,0.150673467,4,314.8041,5.78,2.06,14.1955,black
MADHYA PRADESH,BHOPAL,PHANDA - 3778,Int Khedichhap,0.1312,4,405,5.78,2.06,14.1955,black
MADHYA PRADESH,BHOPAL,PHANDA - 3778,Islamnagar,0.145108924,4.338032,383.0322,5.78,2.06,14.1955,black
MADHYA PRADESH,BHOPAL,PHANDA - 3778,Jamoniya Kalan,0.145673655,4.196544,361.7778,5.78,2.06,14.1955,black
MADHYA PRADESH,BHOPAL,PHANDA - 3778,Jatkhedi,0.179883668,7.92,405,5.78,1.1,7.305,black
MADHYA PRADESH,BHOPAL,PHANDA - 3778,Jhagariya Khurd,0.1312,3.986864,384.4959,5.78,2.06,14.1955,black
MADHYA PRADESH,BHOPAL,PHANDA - 3778,Jhagariya Khurd,0.141783829,4.327128,383.6103,5.78,2.06,14.1955,black
MADHYA PRADESH,BHOPAL,PHANDA - 3778,Jhapadiya,0.179883668,4,322.9959,5.78,1.1,14.1955,black
MADHYA PRADESH,BHOPAL,PHANDA - 3778,Jhiriya Kheda,0.150673467,5.552,405,5.78,2.06,14.1955,black
MADHYA PRADESH,BHOPAL,PHANDA - 3778,Kachhi Barkheda,0.149232431,5.007568,391.3347,5.78,2.06,14.1955,black
MADHYA PRADESH,BHOPAL,PHANDA - 3778,Kala Pipal,0.145108924,4.548544,396.2178,5.78,1.1,14.1955,black
MADHYA PRADESH,BHOPAL,PHANDA - 3778,Kalan Khedi,0.146413646,4.353096,374.25,5.78,2.06,14.1955,black
MADHYA PRADESH,BHOPAL,PHANDA - 3778,Kalyanpur,0.1312,7.92,405,5.78,2.06,14.1955,black
MADHYA PRADESH,BHOPAL,PHANDA - 3778,Kalyanpur,0.140936734,4.384,331.2,5.78,2.06,14.1955,black
MADHYA PRADESH,BHOPAL,PHANDA - 3778,Kalyanpura,0.136462705,4.263912,335.1852,5.78,2.06,14.1955,black
MADHYA PRADESH,BHOPAL,PHANDA - 3778,Kanera,0.153667513,3.833296,405,5.78,2.06,14.1955,black
MADHYA PRADESH,BHOPAL,PHANDA - 3778,Karhod Khurd,0.146905351,4.745616,377.2266,5.78,1.1,14.1955,black
MADHYA PRADESH,BHOPAL,PHANDA - 3778,Khad Bamuliya,0.1312,4,343.5,5.78,2.06,14.1955,black
MADHYA PRADESH,BHOPAL,PHANDA - 3778,Khajuri,0.143716571,4.322032,380.4,5.78,2.06,14.1955,black
MADHYA PRADESH,BHOPAL,PHANDA - 3778,Khajuri Khurd,0.142017511,4.639536,391.3347,5.78,2.06,14.1955,black
MADHYA PRADESH,BHOPAL,PHANDA - 3778,Kham Kheda,0.132821166,4.084848,314.8041,5.78,2.06,14.1955,black
MADHYA PRADESH,BHOPAL,PHANDA - 3778,Khamla Khedi,0.140936734,3.984,405,5.78,2.06,14.1955,black
MADHYA PRADESH,BHOPAL,PHANDA - 3778,Khandabad,0.1312,4,322.9959,5.78,2.06,14.1955,black
MADHYA PRADESH,BHOPAL,PHANDA - 3778,Kharpa,0.146574302,4.29876,374.3219,5.78,2.06,14.1955,black
MADHYA PRADESH,BHOPAL,PHANDA - 3778,Kharpi,0.154261454,4.812528,379.1085,5.78,2.06,14.1955,black
MADHYA PRADESH,BHOPAL,PHANDA - 3778,Khejdadeo,0.1458051,4,294.3,5.78,2.06,14.1955,black
MADHYA PRADESH,BHOPAL,PHANDA - 3778,Khinchital,0.155541834,5.96,405,5.78,1.1,14.1955,black
MADHYA PRADESH,BHOPAL,PHANDA - 3778,Khokariya,0.150673467,4.584,380.4,5.78,2.06,14.1955,black
MADHYA PRADESH,BHOPAL,PHANDA - 3778,Khori,0.1312,4,405,5.78,2.06,7.305,black
MADHYA PRADESH,BHOPAL,PHANDA - 3778,Khurchani,0.142192772,4.616616,397.0665,5.78,2.06,14.1955,black
MADHYA PRADESH,BHOPAL,PHANDA - 3778,Kodi,0.1312,4,343.5,5.78,2.06,14.1955,black
MADHYA PRADESH,BHOPAL,PHANDA - 3778,Kodiya,0.147426267,5.946864,364.0041,5.78,2.06,14.1955,black
MADHYA PRADESH,BHOPAL,PHANDA - 3778,Kolua Khurd,0.142436191,4.738432,367.1529,5.78,2.06,14.1955,black
MADHYA PRADESH,BHOPAL,PHANDA - 3778,Kotra,0.1312,4,282,5.78,2.06,14.1955,black
MADHYA PRADESH,BHOPAL,PHANDA - 3778,Kurana,0.144933663,4,304.0785,5.78,2.06,14.1955,black
MADHYA PRADESH,BHOPAL,PHANDA - 3778,Kuthar,0.154036024,4.5378,381.9375,5.78,2.06,14.1955,black
MADHYA PRADESH,BHOPAL,PHANDA - 3778,Lalpura,0.155541834,4,405,5.78,2.06,14.1955,black
MADHYA PRADESH,BHOPAL,PHANDA - 3778,Mali Khedi,0.152367659,4.841576,383.6103,5.78,2.06,14.1955,black
MADHYA PRADESH,BHOPAL,PHANDA - 3778,Manikhedi Kot,0.144476036,3.985056,361.7209,5.78,2.06,14.1955,black
MADHYA PRADESH,BHOPAL,PHANDA - 3778,Mastipura,0.1312,4,282,5.78,2.06,14.1955,black
MADHYA PRADESH,BHOPAL,PHANDA - 3778,Momanpur,0.163657402,3.653464,384.4959,5.78,2.06,14.1955,black
MADHYA PRADESH,BHOPAL,PHANDA - 3778,Moondla,0.144875242,4.471928,378.7395,5.78,2.06,14.1955,black
MADHYA PRADESH,BHOPAL,PHANDA - 3778,Morga,0.155541834,4,282,5.78,2.06,14.1955,black
MADHYA PRADESH,BHOPAL,PHANDA - 3778,Mubarikpur,0.147426267,4,322.9959,5.78,2.06,14.1955,black
MADHYA PRADESH,BHOPAL,PHANDA - 3778,Mugaliya Hat,0.15206582,3.925344,321.5322,5.78,2.06,14.1955,black
MADHYA PRADESH,BHOPAL,PHANDA - 3778,Mugaliyachhap,0.147426267,4.393464,374.25,5.78,2.06,14.1955,black
MADHYA PRADESH,BHOPAL,PHANDA - 3778,Mungalia Khurd,0.160410201,3.984,355.8,5.78,2.06,14.1955,black
MADHYA PRADESH,BHOPAL,PHANDA - 3778,Mungalia Kot,0.15206582,4.79008,390.5976,5.78,2.06,14.1955,black
MADHYA PRADESH,BHOPAL,PHANDA - 3778,Nandni,0.150133079,4.461256,394.2022,5.78,2.06,14.1955,black
MADHYA PRADESH,BHOPAL,PHANDA - 3778,Narela,0.150133079,4.857888,370.8306,5.78,2.06,14.1955,black
MADHYA PRADESH,BHOPAL,PHANDA - 3778,Narela Bazyafth,0.153667513,4.436984,395.5413,5.78,2.06,14.1955,black
MADHYA PRADESH,BHOPAL,PHANDA - 3778,Neelbad,0.1312,3,343.5,5.78,2.06,14.1955,black
MADHYA PRADESH,BHOPAL,PHANDA - 3778,Nipaniya Jat,0.155541834,4.96,405,5.78,2.06,14.1955,black
MADHYA PRADESH,BHOPAL,PHANDA - 3778,Nipaniya Sukha,0.142655267,4.216576,368.8257,5.78,2.06,14.1955,black
MADHYA PRADESH,BHOPAL,PHANDA - 3778,Padariya Jat,0.149334666,4.257344,390.5352,5.78,2.06,14.1955,black
MADHYA PRADESH,BHOPAL,PHANDA - 3778,Padariya Sankal,0.151924638,4.317192,386.7345,5.78,2.06,14.1955,black
MADHYA PRADESH,BHOPAL,PHANDA - 3778,Parvaliya Sani,0.1312,4,282,5.78,2.06,14.1955,black
MADHYA PRADESH,BHOPAL,PHANDA - 3778,Phanda Kala,0.1312,4,405,5.78,2.06,7.305,black
MADHYA PRADESH,BHOPAL,PHANDA - 3778,Phanda Khurd,0.1312,6.94,343.5,5.78,2.06,14.1955,black
MADHYA PRADESH,BHOPAL,PHANDA - 3778,Pipalia Chhaparband,0.147426267,4,282,5.78,2.06,14.1955,black
MADHYA PRADESH,BHOPAL,PHANDA - 3778,Pipaliya Berkhedi,0.1312,4,299.5767,5.78,2.06,14.1955,black
MADHYA PRADESH,BHOPAL,PHANDA - 3778,Pipaliya Jahirpeer,0.1312,7.92,405,5.78,1.1,14.1955,black
MADHYA PRADESH,BHOPAL,PHANDA - 3778,Pipliya Kesho,0.144646429,3.981,308.6837,5.78,2.06,14.1955,black
MADHYA PRADESH,BHOPAL,PHANDA - 3778,Prempura,0.150673467,3.984,405,5.78,2.06,14.1955,black
MADHYA PRADESH,BHOPAL,PHANDA - 3778,Prithvipura,0.139315568,4,287.3626,5.78,2.06,14.1955,black
MADHYA PRADESH,BHOPAL,PHANDA - 3778,Raipur,0.148584938,3.636688,365.4678,5.78,2.06,14.1955,black
MADHYA PRADESH,BHOPAL,PHANDA - 3778,Rapadiya,0.1312,4,405,5.78,2.06,7.305,black
MADHYA PRADESH,BHOPAL,PHANDA - 3778,Rasooliya Pathar,0.153609092,4.298352,382.0773,5.78,2.06,14.1955,black
MADHYA PRADESH,BHOPAL,PHANDA - 3778,Rasuliya Gusain,0.1312,5.168,405,5.78,2.06,14.1955,black
MADHYA PRADESH,BHOPAL,PHANDA - 3778,Ratanpur,0.139315568,4.639536,364.0041,5.78,2.06,14.1955,black
MADHYA PRADESH,BHOPAL,PHANDA - 3778,Ratanpur,0.13701283,4.086016,308.6515,5.78,2.06,14.1955,black
MADHYA PRADESH,BHOPAL,PHANDA - 3778,Ratatal,0.149923739,4.289336,376.6116,5.78,2.06,14.1955,black
MADHYA PRADESH,BHOPAL,PHANDA - 3778,Ratibad,0.150673467,4.784,331.2,5.78,2.06,7.305,black
MADHYA PRADESH,BHOPAL,PHANDA - 3778,Ratibad,0.144831427,4,303.3159,5.78,2.06,14.1955,black
MADHYA PRADESH,BHOPAL,PHANDA - 3778,Sagoniya,0.1312,7.92,282,5.78,2.06,14.1955,black
MADHYA PRADESH,BHOPAL,PHANDA - 3778,Saista Khedi,0.1312,2,282,5.78,2.06,14.1955,black
MADHYA PRADESH,BHOPAL,PHANDA - 3778,Samasgarh,0.1312,4,405,5.78,2.06,7.305,black
MADHYA PRADESH,BHOPAL,PHANDA - 3778,Sankalpadariya,0.147022192,4.284,386.55,5.78,2.06,14.1955,black
MADHYA PRADESH,BHOPAL,PHANDA - 3778,Sarvar,0.15206582,4.548544,387.4233,5.78,2.06,14.1955,black
MADHYA PRADESH,BHOPAL,PHANDA - 3778,Semari Khurd,0.140328188,3.98,335.8125,5.78,2.06,14.1955,black
MADHYA PRADESH,BHOPAL,PHANDA - 3778,Semra Saiyad,0.1312,3.984,405,5.78,2.06,14.1955,black
MADHYA PRADESH,BHOPAL,PHANDA - 3778,Semri Bazyaft,0.145108924,5.108712,405,5.78,2.06,14.1955,black
MADHYA PRADESH,BHOPAL,PHANDA - 3778,Sewaniya Onkar,0.1312,3.984,405,5.78,2.06,14.1955,black
MADHYA PRADESH,BHOPAL,PHANDA - 3778,Shahpur,0.148584938,4.266752,372.7863,5.78,2.06,14.1955,black
MADHYA PRADESH,BHOPAL,PHANDA - 3778,Shyampur,0.1312,4,405,5.78,2.06,14.1955,black
MADHYA PRADESH,BHOPAL,PHANDA - 3778,Sikandarabad,0.144013541,4.501136,398.5302,5.78,2.06,14.1955,black
MADHYA PRADESH,BHOPAL,PHANDA - 3778,Suhagpur,0.150673467,4.576,372.1959,5.78,2.06,14.1955,black
MADHYA PRADESH,BHOPAL,PHANDA - 3778,Sukhi Sewaniya,0.1312,3.3334,405,5.78,2.06,14.1955,black
MADHYA PRADESH,BHOPAL,PHANDA - 3778,Suraiya Nagar,0.13525535,4,284.6374,5.78,2.06,14.1955,black
MADHYA PRADESH,BHOPAL,PHANDA - 3778,Taraisewaniya,0.146525619,4,311.6061,5.78,2.06,14.1955,black
MADHYA PRADESH,BHOPAL,PHANDA - 3778,Teela Khedi,0.149281114,4.436032,387.4233,5.78,2.06,14.1955,black
MADHYA PRADESH,BHOPAL,PHANDA - 3778,Toomda,0.147771921,4.490176,386.6853,5.78,2.06,14.1955,black
MADHYA PRADESH,BHOPAL,BERASIA - 3777,Agra,0.141516069,4.008872,312.9382,5.78,2.06,14.1955,black
MADHYA PRADESH,BHOPAL,BERASIA - 3777,Amarpur,0.155541834,4,282,5.78,2.06,14.1955,black
MADHYA PRADESH,BHOPAL,BERASIA - 3777,Arjunkhedi,0.148901382,4,304.3614,5.78,2.06,14.1955,black
MADHYA PRADESH,BHOPAL,BERASIA - 3777,Arrawati,0.143370917,4,282,5.78,2.06,14.1955,black
MADHYA PRADESH,BHOPAL,BERASIA - 3777,Babachiya,0.142017511,3.8518,295.6653,5.78,1.1,14.1955,black
MADHYA PRADESH,BHOPAL,BERASIA - 3777,Babukhedi,0.1312,4,405,5.78,1.1,14.1955,black
MADHYA PRADESH,BHOPAL,BERASIA - 3777,Bagraj,0.148472965,4,305.8005,5.78,2.06,14.1955,black
MADHYA PRADESH,BHOPAL,BERASIA - 3777,Bagsi,0.133760761,3.8948,307.8915,5.78,2.06,14.1955,black
MADHYA PRADESH,BHOPAL,BERASIA - 3777,Bahrawal,0.155541834,4,343.5,5.78,2.06,14.1955,black
MADHYA PRADESH,BHOPAL,BERASIA - 3777,Bairagarh,0.142153825,4,309.675,5.78,2.06,14.1955,black
MADHYA PRADESH,BHOPAL,BERASIA - 3777,Bandikhedi,0.151486485,4,284.6374,5.78,2.06,14.1955,black
MADHYA PRADESH,BHOPAL,BERASIA - 3777,Bandikhedi,0.155541834,4,282,5.78,2.06,14.1955,black
MADHYA PRADESH,BHOPAL,BERASIA - 3777,Barela Kheda,0.136068367,4,306.6,5.78,2.06,14.1955,black
MADHYA PRADESH,BHOPAL,BERASIA - 3777,Barkheda Baramad,0.149748478,4,293.7096,5.78,2.06,14.1955,black
MADHYA PRADESH,BHOPAL,BERASIA - 3777,Barkheda Baramad Gunga,0.1312,4,282,5.78,2.06,14.1955,black
MADHYA PRADESH,BHOPAL,BERASIA - 3777,Barkheda Kalan,0.150249919,4,322.1103,5.78,2.06,14.1955,black
MADHYA PRADESH,BHOPAL,BERASIA - 3777,Barkheda Khurd,0.155541834,4,322.9959,5.78,2.06,14.1955,black
MADHYA PRADESH,BHOPAL,BERASIA - 3777,Barkheda Yakub,0.138156896,4,282,5.78,2.06,14.1955,black
MADHYA PRADESH,BHOPAL,BERASIA - 3777,Barodi,0.142436191,4,291.4587,5.78,2.06,14.1955,black
MADHYA PRADESH,BHOPAL,BERASIA - 3777,Barrai,0.1312,4,282,5.78,2.06,14.1955,black
MADHYA PRADESH,BHOPAL,BERASIA - 3777,Barri Gujar,0.157416155,4,319.8471,5.78,1.1,14.1955,black
MADHYA PRADESH,BHOPAL,BERASIA - 3777,Barri Mustsil Bagraj,0.179883668,4,282,5.78,2.06,14.1955,black
MADHYA PRADESH,BHOPAL,BERASIA - 3777,Beelkhoh,0.134676014,4,290.7822,5.78,2.06,14.1955,black
MADHYA PRADESH,BHOPAL,BERASIA - 3777,Berkhedi Kalan,0.1312,4,282,5.78,1.1,14.1955,black
MADHYA PRADESH,BHOPAL,BERASIA - 3777,Bhakwaha,0.142728293,4,300.652,5.78,2.06,14.1955,black
MADHYA PRADESH,BHOPAL,BERASIA - 3777,Bhatni,0.155541834,4,282,5.78,2.06,14.1955,black
MADHYA PRADESH,BHOPAL,BERASIA - 3777,Bhens Kheda,0.141136337,4,304.5951,5.78,2.06,14.1955,black
MADHYA PRADESH,BHOPAL,BERASIA - 3777,Bhesoda,0.137689533,4,290.2041,5.78,2.06,14.1955,black
MADHYA PRADESH,BHOPAL,BERASIA - 3777,Bhujpura Kalan,0.14571747,4,301.9535,5.78,2.06,14.1955,black
MADHYA PRADESH,BHOPAL,BERASIA - 3777,Bineka,0.151247935,4,310.9419,5.78,1.1,14.1955,black
MADHYA PRADESH,BHOPAL,BERASIA - 3777,Birha Shyam Khedi,0.1312,4,300.4666,5.78,2.06,14.1955,black
MADHYA PRADESH,BHOPAL,BERASIA - 3777,Budhor Kalan,0.1312,4,282,5.78,2.06,14.1955,black
MADHYA PRADESH,BHOPAL,BERASIA - 3777,Chandan Khedi,0.158248646,4,309.3306,5.78,2.06,14.1955,black
MADHYA PRADESH,BHOPAL,BERASIA - 3777,Chapadiya,0.1312,2,282,5.78,1.1,14.1955,black
MADHYA PRADESH,BHOPAL,BERASIA - 3777,Charpahadi Bazyaft,0.1312,4,282,5.78,2.06,14.1955,black
MADHYA PRADESH,BHOPAL,BERASIA - 3777,Charpahari,0.139315568,4,312.75,5.78,2.06,14.1955,black
MADHYA PRADESH,BHOPAL,BERASIA - 3777,Chataua,0.1312,4,282,5.78,2.06,7.305,black
MADHYA PRADESH,BHOPAL,BERASIA - 3777,Chhapryai,0.139315568,4,282,5.78,2.06,14.1955,black
MADHYA PRADESH,BHOPAL,BERASIA - 3777,Dam Kheda,0.148054286,4,303.2913,5.78,2.06,14.1955,black
MADHYA PRADESH,BHOPAL,BERASIA - 3777,Dangroli,0.141223967,4,310.9419,5.78,2.06,14.1955,black
MADHYA PRADESH,BHOPAL,BERASIA - 3777,Darwaji,0.144476036,4,304.3614,5.78,2.06,14.1955,black
MADHYA PRADESH,BHOPAL,BERASIA - 3777,Dhaturiya,0.14062029,4,313.7463,5.78,1.1,14.1955,black
MADHYA PRADESH,BHOPAL,BERASIA - 3777,Dillod,0.143901569,4,298.0392,5.78,2.06,14.1955,black
MADHYA PRADESH,BHOPAL,BERASIA - 3777,Dohaya,0.145108924,4,317.1411,5.78,1.1,14.1955,black
MADHYA PRADESH,BHOPAL,BERASIA - 3777,Dojyai,0.135435479,4,290.1222,5.78,2.06,14.1955,black
MADHYA PRADESH,BHOPAL,BERASIA - 3777,Dongargaon,0.14354131,4,298.4865,5.78,2.06,14.1955,black
MADHYA PRADESH,BHOPAL,BERASIA - 3777,Dungariya,0.1312,4,282,5.78,2.06,14.1955,black
MADHYA PRADESH,BHOPAL,BERASIA - 3777,Gana Khedi,0.1312,4,259.25,5.78,2.06,14.1955,black
MADHYA PRADESH,BHOPAL,BERASIA - 3777,Ganga Pipaliya,0.1458051,4,294.3,5.78,2.06,14.1955,black
MADHYA PRADESH,BHOPAL,BERASIA - 3777,Garenthiya Bazyft,0.155541834,4,272.9,5.78,2.06,14.1955,black
MADHYA PRADESH,BHOPAL,BERASIA - 3777,Garentiyadangi,0.140386608,4,299.4547,5.78,2.06,14.1955,black
MADHYA PRADESH,BHOPAL,BERASIA - 3777,Garha Kalan,0.1312,4,282,5.78,2.06,14.1955,black
MADHYA PRADESH,BHOPAL,BERASIA - 3777,Gonda Khedi,0.179883668,4,282,5.78,1.1,14.1955,black
MADHYA PRADESH,BHOPAL,BERASIA - 3777,Goria Sankheda,0.179883668,4,343.5,5.78,2.06,14.1955,black
MADHYA PRADESH,BHOPAL,BERASIA - 3777,Gujartodi,0.147426267,4,364.0041,5.78,2.06,14.1955,black
MADHYA PRADESH,BHOPAL,BERASIA - 3777,Gunga,0.146691143,4,298.7772,5.78,2.06,14.1955,black
MADHYA PRADESH,BHOPAL,BERASIA - 3777,Hamid Khedi,0.170146934,4,306.6,5.78,1.1,14.1955,black
MADHYA PRADESH,BHOPAL,BERASIA - 3777,Harrakheda,0.152499105,4,312.75,5.78,2.06,14.1955,black
MADHYA PRADESH,BHOPAL,BERASIA - 3777,Hingoni,0.1312,4,405,5.78,1.1,14.1955,black
MADHYA PRADESH,BHOPAL,BERASIA - 3777,Hinoti Sadak,0.144403011,4,306.012,5.78,2.06,14.1955,black
MADHYA PRADESH,BHOPAL,BERASIA - 3777,Hiran Khedi,0.1312,4,310.9419,5.78,2.06,14.1955,black
MADHYA PRADESH,BHOPAL,BERASIA - 3777,Ijagiri,0.136608756,4,322.9959,5.78,1.1,14.1955,black
MADHYA PRADESH,BHOPAL,BERASIA - 3777,Imalia Narendra,0.145517867,4,339.8838,5.78,2.06,14.1955,black
MADHYA PRADESH,BHOPAL,BERASIA - 3777,Jafrabad,0.179883668,4,282,5.78,1.1,14.1955,black
MADHYA PRADESH,BHOPAL,BERASIA - 3777,Jamusar Kalan,0.151247935,4,294.7425,5.78,2.06,14.1955,black
MADHYA PRADESH,BHOPAL,BERASIA - 3777,Jetpura,0.167712751,4,312.75,5.78,1.1,14.1955,black
MADHYA PRADESH,BHOPAL,BERASIA - 3777,Jhikariya Kalan,0.160410201,4,282,5.78,2.06,14.1955,black
MADHYA PRADESH,BHOPAL,BERASIA - 3777,Jhikariya Khurd,0.160755855,4,300.7191,5.78,1.1,14.1955,black
MADHYA PRADESH,BHOPAL,BERASIA - 3777,Junapani,0.1312,4,282,5.78,2.06,14.1955,black
MADHYA PRADESH,BHOPAL,BERASIA - 3777,Junapani,0.1312,4,343.5,5.78,2.06,14.1955,black
MADHYA PRADESH,BHOPAL,BERASIA - 3777,Kachnariya,0.146876141,4,300.7575,5.78,2.06,14.1955,black
MADHYA PRADESH,BHOPAL,BERASIA - 3777,Kadaiya Kalan,0.143370917,4,297.375,5.78,2.06,14.1955,black
MADHYA PRADESH,BHOPAL,BERASIA - 3777,Kadaiya Kota,0.179883668,4,282,5.78,1.1,14.1955,black
MADHYA PRADESH,BHOPAL,BERASIA - 3777,Kadi Khedi,0.1312,4,282,5.78,2.06,14.1955,black
MADHYA PRADESH,BHOPAL,BERASIA - 3777,Kalara,0.139593064,4,307.4487,5.78,2.06,14.1955,black
MADHYA PRADESH,BHOPAL,BERASIA - 3777,Kandi Khedi,0.137285459,4,328.125,5.78,2.06,14.1955,black
MADHYA PRADESH,BHOPAL,BERASIA - 3777,Kanera,0.1312,4,343.5,5.78,2.06,14.1955,black
MADHYA PRADESH,BHOPAL,BERASIA - 3777,Karariya,0.1458051,4,306.6,5.78,2.06,14.1955,black
MADHYA PRADESH,BHOPAL,BERASIA - 3777,Karondiya,0.1312,4,282,5.78,2.06,14.1955,black
MADHYA PRADESH,BHOPAL,BERASIA - 3777,Keshokhedi,0.138156896,4,299.5767,5.78,1.1,14.1955,black
MADHYA PRADESH,BHOPAL,BERASIA - 3777,Khadampur,0.1312,4,282,5.78,1.1,14.1955,black
MADHYA PRADESH,BHOPAL,BERASIA - 3777,Khai Kheda,0.143370917,4,297.375,5.78,2.06,7.305,black
MADHYA PRADESH,BHOPAL,BERASIA - 3777,Khajuria Ranku,0.140050691,4,293.1807,5.78,2.06,14.1955,black
MADHYA PRADESH,BHOPAL,BERASIA - 3777,Khedi,0.1312,4,282,5.78,2.06,14.1955,black
MADHYA PRADESH,BHOPAL,BERASIA - 3777,Khejra Ghat,0.143370917,4,343.5,5.78,2.06,14.1955,black
MADHYA PRADESH,BHOPAL,BERASIA - 3777,Khejra Kamal,0.145108924,4,282,5.78,2.06,14.1955,black
MADHYA PRADESH,BHOPAL,BERASIA - 3777,Khejra Misar,0.155541834,4,328.125,5.78,1.1,14.1955,black
MADHYA PRADESH,BHOPAL,BERASIA - 3777,Khejra Padhar,0.138156896,4,334.7178,5.78,1.1,14.1955,black
MADHYA PRADESH,BHOPAL,BERASIA - 3777,Khuja Khedi,0.1312,4,282,5.78,2.06,14.1955,black
MADHYA PRADESH,BHOPAL,BERASIA - 3777,Kolu Khedi,0.1312,4,328.125,5.78,2.06,14.1955,black
MADHYA PRADESH,BHOPAL,BERASIA - 3777,Kolu Khedi,0.1312,4,326.7228,5.78,2.06,14.1955,black
MADHYA PRADESH,BHOPAL,BERASIA - 3777,Kotra Chopra,0.154261454,4,301.4217,5.78,2.06,14.1955,black
MADHYA PRADESH,BHOPAL,BERASIA - 3777,Kulhor,0.145917073,4,296.3049,5.78,2.06,14.1955,black
MADHYA PRADESH,BHOPAL,BERASIA - 3777,Kutkipura,0.163657402,4,322.9959,5.78,2.06,14.1955,black
MADHYA PRADESH,BHOPAL,BERASIA - 3777,Laharpur,0.13632639,4,288.4698,5.78,2.06,14.1955,black
MADHYA PRADESH,BHOPAL,BERASIA - 3777,Lalariya,0.144665903,4,311.4636,5.78,2.06,14.1955,black
MADHYA PRADESH,BHOPAL,BERASIA - 3777,Laloi,0.146457462,4,300.3639,5.78,2.06,14.1955,black
MADHYA PRADESH,BHOPAL,BERASIA - 3777,Lalukhedi,0.155541834,4,343.5,5.78,1.1,14.1955,black
MADHYA PRADESH,BHOPAL,BERASIA - 3777,Langarpur,0.138775179,4,297.0984,5.78,2.06,14.1955,black
MADHYA PRADESH,BHOPAL,BERASIA - 3777,Latifpur,0.149013354,4,284.3706,5.78,2.06,14.1955,black
MADHYA PRADESH,BHOPAL,BERASIA - 3777,Maholi,0.135289428,4,306.6587,5.78,2.06,14.1955,black
MADHYA PRADESH,BHOPAL,BERASIA - 3777,Mainapura,0.1312,4,282,5.78,2.06,14.1955,black
MADHYA PRADESH,BHOPAL,BERASIA - 3777,Manikhedi,0.147426267,4,302.5041,5.78,2.06,14.1955,black
MADHYA PRADESH,BHOPAL,BERASIA - 3777,Mankhiyai,0.153107651,4,306.6,5.78,2.06,14.1955,black
MADHYA PRADESH,BHOPAL,BERASIA - 3777,Manpura,0.134943774,4,310.3884,5.78,2.06,14.1955,black
MADHYA PRADESH,BHOPAL,BERASIA - 3777,Megra Kalan,0.146846931,4,312.75,5.78,2.06,14.1955,black
MADHYA PRADESH,BHOPAL,BERASIA - 3777,Moondla Chattan,0.1312,4,282,5.78,1.1,7.305,black
MADHYA PRADESH,BHOPAL,BERASIA - 3777,Mudia Kheda,0.143370917,4,282,5.78,2.06,14.1955,black
MADHYA PRADESH,BHOPAL,BERASIA - 3777,Mundla Chand,0.153107651,4,308.2,5.78,2.06,14.1955,black
MADHYA PRADESH,BHOPAL,BERASIA - 3777,Nalkheda,0.1312,4,299.5767,5.78,2.06,14.1955,black
MADHYA PRADESH,BHOPAL,BERASIA - 3777,Namdarpura,0.147426267,4,282,5.78,2.06,14.1955,black
MADHYA PRADESH,BHOPAL,BERASIA - 3777,Narela Damodar,0.143901569,4,314.0907,5.78,1.1,14.1955,black
MADHYA PRADESH,BHOPAL,BERASIA - 3777,Nay Samand,0.1312,4,310.3884,5.78,2.06,14.1955,black
MADHYA PRADESH,BHOPAL,BERASIA - 3777,Nazirabad,0.143370917,4,282,5.78,2.06,14.1955,black
MADHYA PRADESH,BHOPAL,BERASIA - 3777,Pardi,0.139315568,4,322.9959,5.78,2.06,14.1955,black
MADHYA PRADESH,BHOPAL,BERASIA - 3777,Parsoriya,0.140936734,4,306.6,5.78,1.1,14.1955,black
MADHYA PRADESH,BHOPAL,BERASIA - 3777,Parwaria,0.158584563,3.75,305.0625,5.78,2.06,14.1955,black
MADHYA PRADESH,BHOPAL,BERASIA - 3777,Patalpur,0.1312,4,282,5.78,1.1,14.1955,black
MADHYA PRADESH,BHOPAL,BERASIA - 3777,Pipal Khedi,0.150673467,4,331.2,5.78,2.06,14.1955,black
MADHYA PRADESH,BHOPAL,BERASIA - 3777,Pipaliya Junnardar,0.146691143,4,315.5421,5.78,2.06,14.1955,black
MADHYA PRADESH,BHOPAL,BERASIA - 3777,Pipaliya Kadim,0.140936734,4,306.6,5.78,2.06,14.1955,black
MADHYA PRADESH,BHOPAL,BERASIA - 3777,Pipalkheda,0.147426267,4,282,5.78,1.1,14.1955,black
MADHYA PRADESH,BHOPAL,BERASIA - 3777,Pipalkhedi,0.147426267,4,266.8303,5.78,2.06,14.1955,black
MADHYA PRADESH,BHOPAL,BERASIA - 3777,Polashganj,0.15206582,4,282,5.78,2.06,14.1955,black
MADHYA PRADESH,BHOPAL,BERASIA - 3777,Pura Khana,0.144476036,4,304.3614,5.78,2.06,14.1955,black
MADHYA PRADESH,BHOPAL,BERASIA - 3777,Rampura Balachon,0.142533558,4,297.7031,5.78,2.06,14.1955,black
MADHYA PRADESH,BHOPAL,BERASIA - 3777,Rani Khajuri,0.152835022,4,316.1694,5.78,2.06,14.1955,black
MADHYA PRADESH,BHOPAL,BERASIA - 3777,Ratua Ratanpur,0.140474239,4,305.4315,5.78,2.06,14.1955,black
MADHYA PRADESH,BHOPAL,BERASIA - 3777,Rondia,0.1312,4,282,5.78,2.06,14.1955,black
MADHYA PRADESH,BHOPAL,BERASIA - 3777,Ronjia Bazaft,0.138822377,4,289.6875,5.78,2.06,14.1955,black
MADHYA PRADESH,BHOPAL,BERASIA - 3777,Runaha,0.1312,4,305.6529,5.78,2.06,14.1955,black
MADHYA PRADESH,BHOPAL,BERASIA - 3777,Sagoni Jora,0.155541834,4,282,5.78,2.06,14.1955,black
MADHYA PRADESH,BHOPAL,BERASIA - 3777,Sagoni Kalan,0.143370917,4,312.75,5.78,2.06,14.1955,black
MADHYA PRADESH,BHOPAL,BERASIA - 3777,Sapaua,0.140050691,4,304.3614,5.78,2.06,14.1955,black
MADHYA PRADESH,BHOPAL,BERASIA - 3777,Semra Kalan,0.147426267,4,322.9959,5.78,2.06,14.1955,black
MADHYA PRADESH,BHOPAL,BERASIA - 3777,Semri Kalan,0.151033726,3.926,292.2983,5.78,2.06,14.1955,black
MADHYA PRADESH,BHOPAL,BERASIA - 3777,Semri Khurd,0.157756941,4,315.5421,5.78,2.06,7.305,black
MADHYA PRADESH,BHOPAL,BERASIA - 3777,Sonkatch,0.155541834,4,343.5,5.78,1.1,14.1955,black
MADHYA PRADESH,BHOPAL,BERASIA - 3777,Suhaya,0.134447201,4,312.2512,5.78,2.06,14.1955,black
MADHYA PRADESH,BHOPAL,BERASIA - 3777,Sukaliya,0.14959269,4,301.1388,5.78,2.06,14.1955,black
MADHYA PRADESH,BHOPAL,BERASIA - 3777,Surana,0.1312,4,322.9959,5.78,2.06,14.1955,black
MADHYA PRADESH,BHOPAL,BERASIA - 3777,Tanda,0.1312,4,405,5.78,2.06,7.305,black
MADHYA PRADESH,BHOPAL,BERASIA - 3777,Umaraya,0.1312,4,282,5.78,2.06,14.1955,black
MADHYA PRADESH,BHOPAL,BERASIA - 3777,Umariya,0.155541834,4,282,5.78,2.06,14.1955,black
MADHYA PRADESH,BHOPAL,BERASIA - 3777,Undrai,0.138822377,4,301.2531,5.78,2.06,14.1955,black
MADHYA PRADESH,BHOPAL,BERASIA - 3777,Unida,0.139315568,4,364.0041,5.78,2.06,14.1955,black
MADHYA PRADESH,BHOPAL,BERASIA - 3777,Untkheda,0.15206582,3.7142,369.8589,5.78,1.1,14.1955,black
MADHYA PRADESH,BHOPAL,BERASIA - 3777,Vichhnai,0.140936734,4,331.2,5.78,2.06,14.1955,black
PUNJAB,BHOPAL,BERASIA - 3777,Vichhnai,0.140936734,4,331.2,5.78,2.06,14.1955,black
